Species,ID,Sex,SVL
krugi,K209,F,31
krugi,K124,F,33
bahorucoensis,B114,F,34
krugi,K101,F,34
krugi,K216,F,34
sagrei,S123,F,34
sagrei,S125,F,34
sagrei,S135,F,34
bahorucoensis,B116,F,35
krugi,K225,F,35
sagrei,S118,F,35
bahorucoensis,B118,F,36
bahorucoensis,B119,F,36
krugi,K119,F,36
krugi,K122,F,36
olssoni,o139,F,36
bahorucoensis,B127,F,37
bahorucoensis,B139,F,37
cristatellus,C108,F,37
krugi,K111,F,37
krugi,K200,F,37
krugi,K211,F,37
krugi,K220,F,37
krugi,K228,F,37
sagrei,S115,F,37
sagrei,S126,F,37
sagrei,S129,F,37
bahorucoensis,B108,F,38
bahorucoensis,B109,F,38
bahorucoensis,B126,F,38
bahorucoensis,B128,F,38
bahorucoensis,B129,F,38
bahorucoensis,B141,F,38
bahorucoensis,B147,F,38
krugi,K108,F,38
krugi,K114,F,38
krugi,K127,F,38
krugi,K214,F,38
krugi,K215,F,38
sagrei,S102,F,38
sagrei,S114,F,38
sagrei,S127,F,38
angusticeps,A104,F,39
angusticeps,A204,F,39
bahorucoensis,B100,F,39
bahorucoensis,B101,F,39
bahorucoensis,B115,F,39
bahorucoensis,B120,F,39
bahorucoensis,B121,F,39
bahorucoensis,B130,F,39
bahorucoensis,B137,F,39
bahorucoensis,B142,F,39
bahorucoensis,B148,F,39
krugi,K100,F,39
krugi,K121,F,39
krugi,K204,F,39
krugi,K208,F,39
krugi,K213,F,39
krugi,K219,F,39
krugi,K226,F,39
krugi,K234,F,39
lineatopus,L194,F,39
olssoni,o131,F,39
sagrei,S133,F,39
angusticeps,A119,F,40
angusticeps,A213,F,40
bahorucoensis,B102,F,40
grahami,G134,F,40
grahami,G333,F,40
grahami,G347,F,40
gundlachi,G153,F,40
krugi,K202,F,40
krugi,K205,F,40
krugi,K233,F,40
krugi,K235,F,40
lineatopus,L104,F,40
lineatopus,L110,F,40
lineatopus,L117,F,40
lineatopus,L130,F,40
lineatopus,L133,F,40
olssoni,o101,F,40
sagrei,S103,F,40
sagrei,S112,F,40
sagrei,S122,F,40
angusticeps,A111,F,41
bahorucoensis,B125,F,41
bahorucoensis,B135,F,41
cristatellus,C118,F,41
cristatellus,C140,F,41
cristatellus,C150,F,41
cristatellus,C153,F,41
grahami,G118,F,41
gundlachi,G149,F,41
gundlachi,G182,F,41
krugi,K102,F,41
krugi,K105,F,41
krugi,K212,F,41
krugi,K227,F,41
krugi,K232,F,41
krugi,K238,F,41
lineatopus,L134,F,41
lineatopus,L184,F,41
olssoni,o111,F,41
olssoni,o128,F,41
sagrei,S130,F,41
sagrei,S132,F,41
smaragdinus,C002,F,41
angusticeps,A105,F,42
angusticeps,A108,F,42
angusticeps,A206,F,42
bahorucoensis,B110,F,42
cristatellus,C105,F,42
cristatellus,C119,F,42
cristatellus,C145,F,42
cybotes,Y229,F,42
grahami,G104,F,42
grahami,G124,F,42
grahami,G153,F,42
grahami,G171,F,42
grahami,G306,F,42
gundlachi,G118,F,42
gundlachi,G150,F,42
gundlachi,G152,F,42
gundlachi,G157,F,42
gundlachi,G167,F,42
gundlachi,G177,F,42
krugi,K201,F,42
krugi,K203,F,42
lineatopus,L113,F,42
lineatopus,L154,F,42
lineatopus,L168,F,42
lineatopus,L187,F,42
lineatopus,L300,F,42
lineatopus,L316,F,42
lineatopus,L332,F,42
lineatopus,L342,F,42
lineatopus,L357,F,42
olssoni,o107,F,42
angusticeps,A103,F,43
angusticeps,A106,F,43
cristatellus,C106,F,43
cristatellus,C124,F,43
grahami,G121,F,43
grahami,G139,F,43
grahami,G145,F,43
grahami,G156,F,43
grahami,G163,F,43
grahami,G168,F,43
grahami,G169,F,43
grahami,G177,F,43
grahami,G316,F,43
grahami,G346,F,43
gundlachi,G123,F,43
gundlachi,G136,F,43
gundlachi,G142,F,43
gundlachi,G166,F,43
gundlachi,G169,F,43
krugi,K222,F,43
lineatopus,L111,F,43
lineatopus,L121,F,43
lineatopus,L132,F,43
lineatopus,L155,F,43
lineatopus,L157,F,43
lineatopus,L183,F,43
lineatopus,L186,F,43
lineatopus,L188,F,43
lineatopus,L190,F,43
lineatopus,L191,F,43
lineatopus,L199,F,43
lineatopus,L315,F,43
lineatopus,L319,F,43
lineatopus,L333,F,43
lineatopus,L335,F,43
lineatopus,L339,F,43
lineatopus,L340,F,43
lineatopus,L344,F,43
lineatopus,L349,F,43
lineatopus,L353,F,43
lineatopus,L360,F,43
olssoni,o116,F,43
olssoni,o122,F,43
olssoni,o129,F,43
sagrei,S113,F,43
sagrei,S117,F,43
sheplani,S100,F,43
sheplani,S103,F,43
smaragdinus,C100,F,43
carolinensis,L133,F,44
cristatellus,C107,F,44
cristatellus,C132,F,44
cristatellus,C136,F,44
cristatellus,C149,F,44
grahami,G108,F,44
grahami,G126,F,44
grahami,G135,F,44
grahami,G148,F,44
grahami,G151,F,44
grahami,G165,F,44
grahami,G309,F,44
grahami,G318,F,44
grahami,G321,F,44
grahami,G322,F,44
grahami,G327,F,44
grahami,G328,F,44
grahami,G336,F,44
gundlachi,G106,F,44
gundlachi,G112,F,44
gundlachi,G135,F,44
gundlachi,G151,F,44
gundlachi,G162,F,44
gundlachi,G165,F,44
gundlachi,G173,F,44
gundlachi,G174,F,44
lineatopus,L106,F,44
lineatopus,L116,F,44
lineatopus,L143,F,44
lineatopus,L164,F,44
lineatopus,L197,F,44
lineatopus,L198,F,44
lineatopus,L303,F,44
lineatopus,L309,F,44
lineatopus,L312,F,44
lineatopus,L322,F,44
lineatopus,L330,F,44
lineatopus,L336,F,44
lineatopus,L347,F,44
lineatopus,L362,F,44
olssoni,o102,F,44
olssoni,o104,F,44
olssoni,o125,F,44
olssoni,o135,F,44
olssoni,o140,F,44
olssoni,o141,F,44
smaragdinus,C102,F,44
angusticeps,A211,F,45
cristatellus,C116,F,45
cristatellus,C129,F,45
cristatellus,C133,F,45
cristatellus,C146,F,45
cristatellus,C157,F,45
cristatellus,C159,F,45
grahami,G105,F,45
grahami,G111,F,45
grahami,G132,F,45
grahami,G144,F,45
grahami,G152,F,45
grahami,G154,F,45
grahami,G162,F,45
grahami,G172,F,45
grahami,G317,F,45
grahami,G345,F,45
grahami,G350,F,45
grahami,G352,F,45
gundlachi,G115,F,45
gundlachi,G143,F,45
gundlachi,G171,F,45
krugi,K231,F,45
lineatopus,L114,F,45
lineatopus,L119,F,45
lineatopus,L151,F,45
lineatopus,L161,F,45
lineatopus,L165,F,45
lineatopus,L189,F,45
lineatopus,L192,F,45
lineatopus,L193,F,45
lineatopus,L301,F,45
lineatopus,L314,F,45
lineatopus,L317,F,45
lineatopus,L338,F,45
olssoni,o113,F,45
olssoni,o117,F,45
smaragdinus,C103,F,45
smaragdinus,C106,F,45
coelestinus,C228,F,46
cristatellus,C113,F,46
cristatellus,C120,F,46
cristatellus,C127,F,46
cristatellus,C135,F,46
cristatellus,C141,F,46
cristatellus,C143,F,46
grahami,G100,F,46
grahami,G136,F,46
grahami,G141,F,46
grahami,G160,F,46
grahami,G164,F,46
grahami,G170,F,46
grahami,G174,F,46
grahami,G176,F,46
grahami,G178,F,46
grahami,G303,F,46
grahami,G315,F,46
grahami,G335,F,46
gundlachi,G104,F,46
gundlachi,G116,F,46
gundlachi,G122,F,46
gundlachi,G125,F,46
gundlachi,G158,F,46
gundlachi,G168,F,46
gundlachi,G179,F,46
lineatopus,L140,F,46
lineatopus,L156,F,46
lineatopus,L195,F,46
lineatopus,L196,F,46
lineatopus,L359,F,46
lineatopus,L361,F,46
smaragdinus,C019,F,46
coelestinus,C111,F,47
coelestinus,C233,F,47
cristatellus,C115,F,47
cybotes,Y224,F,47
cybotes,Y243,F,47
grahami,G116,F,47
grahami,G143,F,47
grahami,G173,F,47
grahami,G302,F,47
grahami,G320,F,47
grahami,G330,F,47
gundlachi,G148,F,47
gundlachi,G172,F,47
gundlachi,G175,F,47
lineatopus,L107,F,47
lineatopus,L328,F,47
coelestinus,C103,F,48
coelestinus,C108,F,48
coelestinus,C215,F,48
coelestinus,C223,F,48
coelestinus,C230,F,48
cristatellus,C138,F,48
cristatellus,C147,F,48
cristatellus,C148,F,48
cybotes,Y217,F,48
cybotes,Y218,F,48
cybotes,Y234,F,48
grahami,G130,F,48
grahami,G157,F,48
grahami,G175,F,48
grahami,G319,F,48
grahami,G348,F,48
grahami,G351,F,48
smaragdinus,C009,F,48
smaragdinus,C015,F,48
carolinensis,F111,F,49
carolinensis,L119,F,49
carolinensis,L142,F,49
carolinensis,P123,F,49
carolinensis,P148,F,49
coelestinus,C112,F,49
cristatellus,C128,F,49
cristatellus,C131,F,49
cristatellus,C151,F,49
cristatellus,C154,F,49
cybotes,Y112,F,49
cybotes,Y133,F,49
cybotes,Y212,F,49
cybotes,Y236,F,49
cybotes,Y241,F,49
grahami,G343,F,49
gundlachi,G111,F,49
gundlachi,G117,F,49
gundlachi,G159,F,49
gundlachi,G164,F,49
carolinensis,L100,F,49.5
carolinensis,F107,F,50
carolinensis,L106,F,50
carolinensis,P120,F,50
carolinensis,P122,F,50
coelestinus,C110,F,50
coelestinus,C116,F,50
coelestinus,C121,F,50
coelestinus,C124,F,50
coelestinus,C201,F,50
coelestinus,C244,F,50
cybotes,Y100,F,50
cybotes,Y126,F,50
cybotes,Y127,F,50
cybotes,Y204,F,50
cybotes,Y227,F,50
gundlachi,G137,F,50
gundlachi,G145,F,50
gundlachi,G161,F,50
gundlachi,G163,F,50
smaragdinus,C107,F,50
smaragdinus,C108,F,50
carolinensis,L122,F,51
carolinensis,L130,F,51
carolinensis,L134,F,51
carolinensis,L135,F,51
carolinensis,L144,F,51
carolinensis,L150,F,51
coelestinus,C101,F,51
coelestinus,C102,F,51
coelestinus,C113,F,51
coelestinus,C123,F,51
coelestinus,C234,F,51
cristatellus,C104,F,51
cybotes,Y108,F,51
cybotes,Y123,F,51
cybotes,Y203,F,51
cybotes,Y206,F,51
cybotes,Y207,F,51
cybotes,Y238,F,51
valencienni,V169,F,51
carolinensis,F132,F,52
carolinensis,L109,F,52
carolinensis,L117,F,52
carolinensis,P106,F,52
carolinensis,P130,F,52
carolinensis,P138,F,52
coelestinus,C214,F,52
coelestinus,C221,F,52
coelestinus,C237,F,52
coelestinus,C245,F,52
cristatellus,C123,F,52
cybotes,Y102,F,52
cybotes,Y117,F,52
cybotes,Y137,F,52
cybotes,Y144,F,52
cybotes,Y146,F,52
cybotes,Y213,F,52
cybotes,Y244,F,52
valencienni,V137,F,52
valencienni,V184,F,52
carolinensis,F112,F,53
carolinensis,F113,F,53
carolinensis,F137,F,53
carolinensis,L103,F,53
carolinensis,L128,F,53
carolinensis,L139,F,53
carolinensis,P101,F,53
carolinensis,P102,F,53
cybotes,Y122,F,53
cybotes,Y128,F,53
cybotes,Y214,F,53
gundlachi,G101,F,53
valencienni,V175,F,53
carolinensis,F103,F,54
carolinensis,F123,F,54
carolinensis,L110,F,54
carolinensis,L123,F,54
carolinensis,L140,F,54
carolinensis,L148,F,54
carolinensis,L149,F,54
carolinensis,P117,F,54
carolinensis,P131,F,54
carolinensis,p6,F,54
coelestinus,C220,F,54
cybotes,Y134,F,54
cybotes,Y205,F,54
valencienni,V158,F,54
carolinensis,F104,F,55
carolinensis,F106,F,55
carolinensis,F122,F,55
carolinensis,F130,F,55
carolinensis,L111,F,55
carolinensis,L115,F,55
carolinensis,L121,F,55
carolinensis,L136,F,55
carolinensis,L145,F,55
carolinensis,L156,F,55
carolinensis,L158,F,55
carolinensis,P111,F,55
carolinensis,P136,F,55
carolinensis,P137,F,55
carolinensis,P141,F,55
cybotes,Y242,F,55
valencienni,V106,F,55
valencienni,V159,F,55
valencienni,V185,F,55
carolinensis,F114,F,56
carolinensis,F120,F,56
carolinensis,F124,F,56
carolinensis,F131,F,56
carolinensis,L105,F,56
carolinensis,L131,F,56
carolinensis,P129,F,56
carolinensis,P135,F,56
carolinensis,P142,F,56
carolinensis,P143,F,56
carolinensis,P145,F,56
cybotes,Y118,F,56
valencienni,V107,F,56
valencienni,V108,F,56
valencienni,V112,F,56
valencienni,V136,F,56
valencienni,V157,F,56
valencienni,V165,F,56
valencienni,V166,F,56
valencienni,V168,F,56
valencienni,V183,F,56
carolinensis,F118,F,57
carolinensis,F126,F,57
carolinensis,L107,F,57
carolinensis,L108,F,57
carolinensis,L126,F,57
carolinensis,P104,F,57
carolinensis,P112,F,57
carolinensis,P115,F,57
carolinensis,P147,F,57
coelestinus,C232,F,57
cybotes,Y121,F,57
cybotes,Y147,F,57
valencienni,V132,F,57
valencienni,V139,F,57
valencienni,V141,F,57
valencienni,V160,F,57
carolinensis,L141,F,58
carolinensis,L154,F,58
carolinensis,P108,F,58
carolinensis,P133,F,58
carolinensis,P140,F,58
valencienni,V102,F,58
valencienni,V104,F,58
valencienni,V111,F,58
valencienni,V116,F,58
valencienni,V121,F,58
valencienni,V143,F,58
valencienni,V144,F,58
valencienni,V146,F,58
carolinensis,F119,F,59
carolinensis,F133,F,59
carolinensis,L102,F,59
valencienni,V117,F,59
valencienni,V131,F,59
valencienni,V152,F,59
carolinensis,P105,F,60
carolinensis,P127,F,60
valencienni,V126,F,60
valencienni,V161,F,60
valencienni,V171,F,60
valencienni,V180,F,60
valencienni,V130,F,61
valencienni,V145,F,61
valencienni,V151,F,61
valencienni,V118,F,62
valencienni,V119,F,62
valencienni,V129,F,62
valencienni,V155,F,62
valencienni,V176,F,62
valencienni,V120,F,63
valencienni,V125,F,63
valencienni,V154,F,63
valencienni,V177,F,63
valencienni,V114,F,64
valencienni,V124,F,64
valencienni,V178,F,64
valencienni,V186,F,66
valencienni,V100,F,67
valencienni,V167,F,67
valencienni,V115,F,69
angusticeps,A005,F,NA
angusticeps,A017,F,NA
angusticeps,AI,F,NA
bahorucoensis,B132,F,NA
coelestinus,C2a,F,NA
coelestinus,C2c,F,NA
coelestinus,CC,F,NA
cristatellus,C139,F,NA
sagrei,S137,F,NA
sagrei,SI,F,NA
smaragdinus,Cb,F,NA
smaragdinus,Ce,F,NA
smaragdinus,Ci,F,NA
smaragdinus,Ck,F,NA
carolinensis,P144,M,46
krugi,K230,M,30
krugi,K128,M,32
krugi,K109,M,35
krugi,K112,M,36
krugi,K120,M,36
krugi,K236,M,37
krugi,K110,M,39
lineatopus,L136,M,39
olssoni,o124,M,39
olssoni,o137,M,39
smaragdinus,C006,M,39
grahami,G167,M,40
gundlachi,G110,M,40
krugi,K104,M,40
krugi,K115,M,40
krugi,K125,M,40
krugi,K223,M,40
olssoni,o100,M,40
olssoni,o110,M,40
olssoni,o130,M,40
sheplani,S102,M,40
bahorucoensis,B107,M,41
bahorucoensis,B117,M,41
bahorucoensis,B138,M,41
olssoni,o126,M,41
angusticeps,A208,M,42
bahorucoensis,B103,M,42
bahorucoensis,B104,M,42
grahami,G107,M,42
krugi,K123,M,42
krugi,K206,M,42
lineatopus,L127,M,42
lineatopus,L345,M,42
olssoni,o112,M,42
sheplani,S101,M,42
bahorucoensis,B131,M,43
bahorucoensis,B134,M,43
grahami,G120,M,43
grahami,G123,M,43
grahami,G131,M,43
grahami,G137,M,43
grahami,G166,M,43
krugi,K237,M,43
lineatopus,L109,M,43
lineatopus,L125,M,43
lineatopus,L334,M,43
lineatopus,L351,M,43
sheplani,S104,M,43
angusticeps,A215,M,44
bahorucoensis,B124,M,44
bahorucoensis,B133,M,44
bahorucoensis,B143,M,44
grahami,G332,M,44
krugi,K207,M,44
lineatopus,L153,M,44
lineatopus,L160,M,44
lineatopus,L327,M,44
olssoni,o133,M,44
olssoni,o134,M,44
angusticeps,A101,M,45
angusticeps,A216,M,45
bahorucoensis,B105,M,45
bahorucoensis,B111,M,45
bahorucoensis,B123,M,45
bahorucoensis,B145,M,45
bahorucoensis,B146,M,45
grahami,G113,M,45
grahami,G127,M,45
grahami,G155,M,45
grahami,G305,M,45
gundlachi,G105,M,45
krugi,K117,M,45
lineatopus,L135,M,45
lineatopus,L346,M,45
olssoni,o105,M,45
olssoni,o121,M,45
olssoni,o123,M,45
olssoni,o136,M,45
angusticeps,A113,M,46
bahorucoensis,B106,M,46
bahorucoensis,B112,M,46
bahorucoensis,B136,M,46
bahorucoensis,B144,M,46
grahami,G109,M,46
grahami,G142,M,46
grahami,G337,M,46
gundlachi,G127,M,46
krugi,K113,M,46
krugi,K218,M,46
krugi,K240,M,46
lineatopus,L139,M,46
lineatopus,L321,M,46
lineatopus,L324,M,46
lineatopus,L343,M,46
olssoni,o109,M,46
olssoni,o115,M,46
olssoni,o118,M,46
sagrei,S121,M,46
smaragdinus,C004,M,46
valencienni,V105,M,46
angusticeps,A114,M,47
angusticeps,A203,M,47
bahorucoensis,B113,M,47
grahami,G158,M,47
grahami,G339,M,47
krugi,K229,M,47
lineatopus,L138,M,47
olssoni,o119,M,47
olssoni,o132,M,47
valencienni,V179,M,47
angusticeps,A212,M,48
bahorucoensis,B122,M,48
bahorucoensis,B140,M,48
bahorucoensis,B150,M,48
cristatellus,C152,M,48
cristatellus,C155,M,48
krugi,K116,M,48
lineatopus,L128,M,48
lineatopus,L146,M,48
lineatopus,L308,M,48
lineatopus,L356,M,48
olssoni,o114,M,48
olssoni,o120,M,48
olssoni,o127,M,48
sagrei,S109,M,48
sagrei,S120,M,48
sagrei,S131,M,48
lineatopus,L169,M,48.5
angusticeps,A102,M,49
angusticeps,A118,M,49
angusticeps,A205,M,49
cristatellus,C125,M,49
cybotes,Y221,M,49
cybotes,Y240,M,49
grahami,G106,M,49
grahami,G312,M,49
grahami,G341,M,49
gundlachi,G130,M,49
lineatopus,L115,M,49
lineatopus,L122,M,49
lineatopus,L137,M,49
lineatopus,L141,M,49
lineatopus,L142,M,49
lineatopus,L166,M,49
sagrei,S138,M,49
smaragdinus,C014,M,49
angusticeps,A109,M,50
angusticeps,A110,M,50
angusticeps,A115,M,50
angusticeps,A116,M,50
angusticeps,A117,M,50
angusticeps,A200,M,50
angusticeps,A201,M,50
angusticeps,A202,M,50
angusticeps,A210,M,50
angusticeps,A214,M,50
cybotes,Y225,M,50
grahami,G133,M,50
grahami,G161,M,50
grahami,G338,M,50
gundlachi,G128,M,50
krugi,K217,M,50
lineatopus,L124,M,50
lineatopus,L158,M,50
lineatopus,L178,M,50
lineatopus,L179,M,50
lineatopus,L313,M,50
lineatopus,L358,M,50
olssoni,o108,M,50
sagrei,S119,M,50
smaragdinus,C018,M,50
angusticeps,A107,M,51
angusticeps,A217,M,51
cristatellus,C142,M,51
grahami,G326,M,51
gundlachi,G119,M,51
lineatopus,L159,M,51
lineatopus,L177,M,51
lineatopus,L341,M,51
lineatopus,L348,M,51
lineatopus,L352,M,51
sagrei,S104,M,51
sagrei,S106,M,51
sagrei,S107,M,51
sagrei,S111,M,51
sagrei,S124,M,51
sagrei,S136,M,51
angusticeps,A207,M,52
carolinensis,F117,M,52
carolinensis,L125,M,52
carolinensis,P119,M,52
cybotes,Y116,M,52
grahami,G324,M,52
grahami,G342,M,52
gundlachi,G138,M,52
krugi,K210,M,52
lineatopus,L150,M,52
lineatopus,L163,M,52
sagrei,S141,M,52
smaragdinus,C010,M,52
grahami,G313,M,53
gundlachi,G124,M,53
lineatopus,L101,M,53
lineatopus,L123,M,53
lineatopus,L167,M,53
lineatopus,L181,M,53
lineatopus,L323,M,53
sagrei,S101,M,53
sagrei,S108,M,53
sagrei,S139,M,53
sagrei,S140,M,53
smaragdinus,C003,M,53
smaragdinus,C007,M,53
carolinensis,L137,M,54
cristatellus,C100,M,54
cybotes,Y109,M,54
cybotes,Y235,M,54
grahami,G115,M,54
lineatopus,L126,M,54
lineatopus,L148,M,54
lineatopus,L175,M,54
lineatopus,L176,M,54
lineatopus,L200,M,54
lineatopus,L320,M,54
lineatopus,L331,M,54
lineatopus,L354,M,54
sagrei,S128,M,54
sagrei,S134,M,54
carolinensis,F129,M,55
carolinensis,L120,M,55
carolinensis,L151,M,55
coelestinus,C122,M,55
cristatellus,C144,M,55
cybotes,Y125,M,55
cybotes,Y140,M,55
krugi,K126,M,55
lineatopus,L100,M,55
lineatopus,L105,M,55
lineatopus,L108,M,55
lineatopus,L145,M,55
lineatopus,L170,M,55
lineatopus,L318,M,55
sagrei,S100,M,55
sagrei,S110,M,55
smaragdinus,C013,M,55
valencienni,V156,M,55
carolinensis,L146,M,56
carolinensis,P124,M,56
cristatellus,C102,M,56
cristatellus,C110,M,56
cristatellus,C137,M,56
cybotes,Y124,M,56
cybotes,Y143,M,56
grahami,G101,M,56
grahami,G114,M,56
grahami,G128,M,56
grahami,G300,M,56
gundlachi,G170,M,56
lineatopus,L129,M,56
lineatopus,L144,M,56
lineatopus,L305,M,56
lineatopus,L350,M,56
smaragdinus,C005,M,56
valencienni,V127,M,56
carolinensis,F100,M,57
carolinensis,L159,M,57
grahami,G125,M,57
grahami,G147,M,57
grahami,G323,M,57
lineatopus,L103,M,57
lineatopus,L112,M,57
lineatopus,L171,M,57
lineatopus,L174,M,57
lineatopus,L311,M,57
lineatopus,L355,M,57
smaragdinus,C105,M,57
valencienni,V150,M,57
carolinensis,F127,M,58
carolinensis,F134,M,58
carolinensis,L101,M,58
carolinensis,L138,M,58
carolinensis,P107,M,58
coelestinus,C205,M,58
coelestinus,C243,M,58
cristatellus,C158,M,58
lineatopus,L149,M,58
lineatopus,L310,M,58
lineatopus,L325,M,58
lineatopus,L329,M,58
smaragdinus,C017,M,58
carolinensis,P121,M,59
coelestinus,C120,M,59
cybotes,Y132,M,59
cybotes,Y201,M,59
gundlachi,G108,M,59
gundlachi,G178,M,59
lineatopus,L302,M,59
lineatopus,L304,M,59
smaragdinus,C011,M,59
smaragdinus,C012,M,59
carolinensis,P126,M,60
coelestinus,C231,M,60
cybotes,Y113,M,60
cybotes,Y119,M,60
cybotes,Y209,M,60
grahami,G103,M,60
grahami,G110,M,60
grahami,G329,M,60
grahami,G353,M,60
gundlachi,G154,M,60
gundlachi,G185,M,60
lineatopus,L118,M,60
lineatopus,L147,M,60
lineatopus,L180,M,60
lineatopus,L307,M,60
carolinensis,L104,M,61
carolinensis,L147,M,61
carolinensis,P146,M,61
coelestinus,C200,M,61
cristatellus,C109,M,61
cristatellus,C126,M,61
cristatellus,C156,M,61
gundlachi,G146,M,61
lineatopus,L131,M,61
lineatopus,L152,M,61
lineatopus,L182,M,61
smaragdinus,C008,M,61
smaragdinus,C101,M,61
valencienni,V103,M,61
valencienni,V109,M,61
valencienni,V153,M,61
valencienni,V162,M,61
valencienni,V172,M,61
carolinensis,F105,M,62
carolinensis,F116,M,62
carolinensis,F125,M,62
cristatellus,C117,M,62
grahami,G102,M,62
grahami,G140,M,62
grahami,G149,M,62
grahami,G334,M,62
gundlachi,G107,M,62
gundlachi,G109,M,62
gundlachi,G114,M,62
gundlachi,G140,M,62
gundlachi,G183,M,62
smaragdinus,C104,M,62
valencienni,V101,M,62
valencienni,V134,M,62
carolinensis,F115,M,63
carolinensis,F138,M,63
carolinensis,L132,M,63
carolinensis,L143,M,63
carolinensis,L153,M,63
carolinensis,L155,M,63
carolinensis,P109,M,63
carolinensis,P113,M,63
carolinensis,P118,M,63
coelestinus,C242,M,63
cristatellus,C111,M,63
cybotes,Y106,M,63
grahami,G129,M,63
grahami,G138,M,63
grahami,G308,M,63
grahami,G349,M,63
gundlachi,G113,M,63
carolinensis,P100,M,64
carolinensis,P103,M,64
carolinensis,P116,M,64
coelestinus,C105,M,64
coelestinus,C208,M,64
cristatellus,C130,M,64
cristatellus,C134,M,64
cybotes,Y114,M,64
cybotes,Y211,M,64
cybotes,Y215,M,64
cybotes,Y226,M,64
cybotes,Y231,M,64
grahami,G112,M,64
grahami,G150,M,64
grahami,G301,M,64
grahami,G307,M,64
gundlachi,G121,M,64
gundlachi,G186,M,64
lineatopus,L173,M,64
lineatopus,L326,M,64
valencienni,V181,M,64
carolinensis,F136,M,65
carolinensis,L118,M,65
carolinensis,P139,M,65
coelestinus,C100,M,65
coelestinus,C104,M,65
coelestinus,C202,M,65
coelestinus,C239,M,65
cristatellus,C112,M,65
cybotes,Y202,M,65
cybotes,Y216,M,65
grahami,G117,M,65
grahami,G159,M,65
grahami,G304,M,65
grahami,G311,M,65
grahami,G314,M,65
gundlachi,G103,M,65
gundlachi,G176,M,65
lineatopus,L172,M,65
lineatopus,L306,M,65
valencienni,V110,M,65
valencienni,V113,M,65
valencienni,V123,M,65
carolinensis,F109,M,66
carolinensis,F128,M,66
carolinensis,L113,M,66
carolinensis,L124,M,66
carolinensis,P110,M,66
carolinensis,P114,M,66
carolinensis,P128,M,66
coelestinus,C117,M,66
coelestinus,C216,M,66
coelestinus,C226,M,66
cybotes,Y105,M,66
cybotes,Y110,M,66
cybotes,Y222,M,66
grahami,G331,M,66
gundlachi,G102,M,66
gundlachi,G184,M,66
valencienni,V142,M,66
carolinensis,F102,M,67
carolinensis,F108,M,67
carolinensis,L112,M,67
carolinensis,L152,M,67
carolinensis,P125,M,67
coelestinus,C206,M,67
coelestinus,C213,M,67
cybotes,Y101,M,67
cybotes,Y104,M,67
cybotes,Y111,M,67
cybotes,Y120,M,67
cybotes,Y141,M,67
cybotes,Y220,M,67
cybotes,Y232,M,67
cybotes,Y237,M,67
cybotes,Y239,M,67
grahami,G122,M,67
grahami,G325,M,67
gundlachi,G132,M,67
gundlachi,G147,M,67
valencienni,V135,M,67
valencienni,V163,M,67
valencienni,V170,M,67
carolinensis,F101,M,68
carolinensis,F121,M,68
carolinensis,L114,M,68
carolinensis,L157,M,68
carolinensis,P132,M,68
carolinensis,P134,M,68
coelestinus,C119,M,68
coelestinus,C203,M,68
coelestinus,C207,M,68
coelestinus,C209,M,68
coelestinus,C210,M,68
coelestinus,C218,M,68
cristatellus,C121,M,68
cristatellus,C122,M,68
cybotes,Y135,M,68
cybotes,Y208,M,68
cybotes,Y210,M,68
cybotes,Y219,M,68
grahami,G119,M,68
grahami,G146,M,68
gundlachi,G120,M,68
gundlachi,G126,M,68
gundlachi,G131,M,68
gundlachi,G133,M,68
valencienni,V128,M,68
valencienni,V182,M,68
carolinensis,F110,M,69
carolinensis,L116,M,69
coelestinus,C114,M,69
coelestinus,C211,M,69
coelestinus,C222,M,69
coelestinus,C229,M,69
cybotes,Y107,M,69
cybotes,Y115,M,69
cybotes,Y136,M,69
cybotes,Y228,M,69
gundlachi,G160,M,69
gundlachi,G180,M,69
valencienni,V164,M,69
coelestinus,C106,M,70
coelestinus,C240,M,70
cybotes,Y103,M,70
cybotes,Y139,M,70
cybotes,Y230,M,70
valencienni,V122,M,70
valencienni,V138,M,70
valencienni,V148,M,70
valencienni,V149,M,70
carolinensis,L127,M,71
coelestinus,C225,M,71
cybotes,Y223,M,71
gundlachi,G129,M,71
valencienni,V147,M,71
cybotes,Y130,M,72
valencienni,V133,M,72
valencienni,V140,M,72
coelestinus,C219,M,73
valencienni,V173,M,73
angusticeps,A014,M,NA
angusticeps,A019,M,NA
angusticeps,AII,M,NA
angusticeps,AIII,M,NA
coelestinus,CA,M,NA
cybotes,Y142,M,NA
gundlachi,G100,M,NA
lineatopus,L162,M,NA
sagrei,SII,M,NA
sheplani,C2,M,NA
sheplani,J2,M,NA
sheplani,J3,M,NA
smaragdinus,Ca,M,NA
smaragdinus,Cd,M,NA
smaragdinus,Cf,M,NA
smaragdinus,Cg,M,NA
valencienni,V174,M,NA
krugi,K106,NA,29
olssoni,o106,NA,31
krugi,K221,NA,33
olssoni,o103,NA,33
krugi,K118,NA,35
krugi,K224,NA,36
angusticeps,A112,NA,37
angusticeps,A209,NA,37
sagrei,S116,NA,37
krugi,K103,NA,38
krugi,K107,NA,38
gundlachi,G134,NA,41
gundlachi,G156,NA,41
coelestinus,C204,NA,42
gundlachi,G141,NA,42
sagrei,S105,NA,42
angusticeps,A020,NA,43
gundlachi,G155,NA,43
cybotes,Y200,NA,44
gundlachi,G144,NA,44
smaragdinus,C016,NA,44
cybotes,Y145,NA,45
gundlachi,G139,NA,46
cybotes,Y131,NA,47
coelestinus,C217,NA,48
cybotes,Y138,NA,48
grahami,G310,NA,48
cristatellus,C103,NA,51
coelestinus,C212,NA,52
cristatellus,C101,NA,56
